{
  "x": 1.28309,
  "y": 1.58466,
  "yaw": 0.293534
}
