{
  "x": 2.05432,
  "y": 1.59134,
  "yaw": 0.318505
}
