{
  "x": 2.53044,
  "y": 1.92688,
  "yaw": 1
}
