{
  "poses": [
    {"x": 1.2, "y": 2, "yaw": 0},
    {"x": 1.7, "y": 1.6, "yaw": 0.25},
    {"x": 2.28342, "y": 1.33614, "yaw": 0.5},
    {"x": 2.53044, "y": 1.92688, "yaw": 1}
  ]
}
