{
  "x": 5.96856,
  "y": 2.9917,
  "yaw": 0.0850001
}
