{
  "x": 4.64701,
  "y": 1.10692,
  "yaw": 1.025
}
