{
  "x": 1.73923,
  "y": 1.81169,
  "yaw": 0.195151
}
