{
  "vx": 0.502088,
  "vy": 0.0553572,
  "wz": 0,
  "brake": false
}
