{
  "vx": 0.523008,
  "vy": 0.0576637,
  "wz": 0,
  "brake": false
}
