{
  "x": 4.07672,
  "y": 4.42486,
  "yaw": 0.0726521,
  "trusted": true
}
