{
  "x": 4.10506,
  "y": 4.41852,
  "yaw": 0.06895,
  "trusted": true
}
