{
  "x": 4.13939,
  "y": 4.48781,
  "yaw": 0.0537643,
  "trusted": true
}
