{
  "x": 4.14656,
  "y": 4.42925,
  "yaw": 0.08055,
  "trusted": true
}
