{
  "x": 5.94957,
  "y": 3.03412,
  "yaw": -0.0625
}
