{
  "vx": 0.214293,
  "vy": -0.105479,
  "wz": -0.254804,
  "brake": false
}
