{
  "x": 2.24997,
  "y": 1.48778,
  "yaw": 0.275
}
