{
  "x": 1.67668,
  "y": 1.13152,
  "yaw": 0.5
}
