{
  "x": 2.20283,
  "y": 1.44169,
  "yaw": 0.3
}
